LANDIS_test,LANDIS_traits,LandR,KNN,CASFRI,Latin_full,EN_generic_short,EN_generic_full,Leading,Notes,Boreal,Broadleaf,Type,PSP,BC_Forestry,FuelClass,AB_forestry,MB_forestry
abieamab,ABIE.AMA,Abie_ama,Abie_Ama,Abie amab,Abies amabilis,Ama fir,Amabilis Fir,,,,FALSE,Conifer,pacific silver fir,Ba,class3,,
abiebals,ABIE.BAL,Abie_bal,Abie_Bal,Abie bals,Abies balsamea,Bal fir,Balsam Fir,Balsam fir leading,,Abie_Bal,FALSE,Conifer,balsam fir,Bb,class3,Fb,BF
,,Abie_con,,Abie conc,Abies concolor,,,,,,FALSE,Conifer,,,,,
abiegran,ABIE.GRA,Abie_gra,Abie_Gra,Abie gran,Abies grandis,Gra fir,Grand Fir,,,,FALSE,Conifer,grand fir,Bg,class3,,
abielasi,ABIE.LAS,Abie_las,Abie_Las,Abie lasi,Abies lasiocarpa,Fir,Fir,Fir leading,,Abie_Las,FALSE,Conifer,subalpine fir,Bl,class3,Fa,
,,Abie_mag,,Abie magn,Abies magnifica var shastensis,,,,,,FALSE,Conifer,,,,,
,,Abie_pic,,Abie pice,,Fir-Sp,Fir-Spruce,Fir-Spruce mix,Abies pice in CASFRI is a Spruce-balsam fir or Balsam fir-spruce mix,,FALSE,Conifer,,,,,
,,Abie_pro,,Abie proc,Abies procera,Nob fir,Noble Fir,,,,FALSE,Conifer,,Bn,class3,,
,,Abie_sp,Abie_Spp,Abie spp,Abies spp.,Fir,Fir,Fir leading,,,FALSE,Conifer,subalpine fir,B,class3,,
,,Acer_cir,Acer_Cir,Acer circ,Acer circinatum,,,,,,TRUE,Deciduous,vine maple,Mv,class2,,
,,Acer_fre,,Acer free,Acer X freemanii,,,,,,TRUE,Deciduous,,,,,
,,Acer_gla,,Acer glab,Acer glabrum,Dg maple,Douglas maple,,,,TRUE,Deciduous,,Mr,class2,,
acermacr,ACER.MAC,Acer_mac,Acer_Mac,Acer macr,Acer macrophyllum,,,,,,TRUE,Deciduous,,Mb,class2,,
,,Acer_neg,Acer_Neg,Acer negu,Acer negundo,Bx maple,Boxelder maple,Boselder maple leading,,Acer_Neg,TRUE,Deciduous,manitoba maple,,class2,,MM
,,Acer_nig,,Acer nigr,Acer nigrum,,,,,,TRUE,Deciduous,,,,,
,,Acer_pen,Acer_Pen,Acer pens,Acer pensylvanicum,St maple,Striped maple,Striped maple leading,,Acer_Pen,TRUE,Deciduous,striped maple,,,,
,,Acer_pla,,Acer plat,Acer platanoides,,,,,,TRUE,Deciduous,,,,,
,,Acer_pse,,Acer pseu,Acer pseudoplatanus,,,,,,TRUE,Deciduous,,,,,
acerrubr,ACER.RUB,Acer_rub,Acer_Rub,Acer rubr,Acer rubrum,,,,,,TRUE,Deciduous,red maple,,class2,,
,,Acer_sac,Acer_Sac,Acer sacc,Acer saccharinum,Sv maple,Silver maple,,,Acer_Sac,TRUE,Deciduous,silver maple,,class2,,
acersacc,ACER.SAH,Acer_sah,Acer_Sah,Acer sach,Acer saccharum,Sg maple,Sugar maple,Sugar maple leading,"LANDIS_test and LANDIS_traits codes don't match, but have been checked to both refer to Acer saccharum",Acer_Sah,TRUE,Deciduous,sugar maple,,class2,,
,,Acer_spi,Acer_Spi,Acer spic,Acer spicatum,Mt maple,Mountain maple,Mountain maple leading,,Acer_Spi,TRUE,Deciduous,mountain maple,,,,
,,Acer_sp,Acer_Spp,Acer spp,Acer spp.,Maple,Maple,Maple leading,,Acer_Spp,TRUE,Deciduous,,M,class2,,
,,Aesc_hip,,Aesc hipp,Aesculus hippocastanum,,,,,,TRUE,Deciduous,,,,,
,,Alnu_inc,Alnu_Inc_Rug,Alnu inca,Alnus incana,,,,,,TRUE,Deciduous,gray alder,Dm,class2,,
,,Alnu_inc,Alnu_Inc_Ten,Alnu inca,,,,,,,TRUE,Deciduous,gray alder,Dm,class2,,
,,Alnu_inc,Alnu_Inc,Alnu inca,,,,,,,TRUE,Deciduous,gray alder,Dm,class2,,
alnurubr,ALNU.RUB,Alnu_rub,Alnu_Rub,Alnu rubr,Alnus rubra,,,,,,TRUE,Deciduous,red alder,Dr,class2,,
,,Alnu_sp,Alnu_Spp,Alnu spp,Alnus spp.,Alder,Alder,Alder leading,,Alnu_Spp,TRUE,Deciduous,alder,D,class2,,
,,Alnu_vir,,Alnu viri,Alnus viridis,,,,,,TRUE,Deciduous,sitka alder,Dg,class2,,
,,Amel_spp,,,Amelanchier spp.,,Shadbush,,"a.k.a. sugarplu, serviceberry, saskatoon",,TRUE,Deciduous,shadbush,,,,
,,Arbu_men,Arbu_Men,Arbu menz,Arbutus menziesii,,,,,,TRUE,Deciduous,arbutus,Ra,,,
,,Asim_tri,Asim_Tri,Asim tril,Asimina triloba,,,,,,TRUE,Deciduous,,,,,
,BETU.ALL,Betu_all,Betu_All,Betu alle,Betula alleghaniensis,Sw birch,Swamp birch,Swamp birch leading,,Betu_All,TRUE,Deciduous,swamp birch,,class2,,
,,Betu_len,,Betu lent,Betula lenta,,,,,,TRUE,Deciduous,,,,,
,,Betu_man,,Betu mand,Betula mandschurica var japonica,,,,,,TRUE,Deciduous,,,,,
,,Betu_neo,,Betu neoa,Betula neoalaskana,,,,,,TRUE,Deciduous,,Ea,class2,,
,,Betu_occ,,Betu occi,Betula occidentalis,,,,,,TRUE,Deciduous,,Ew,class2,,
betupapy,BETU.PAP,Betu_pap,Betu_Pap,Betu papy,Betula papyrifera,Pa birch,Paper birch,Paper birch leading,,Betu_Pap,TRUE,Deciduous,white birch,Ep,class2,Bw,WB
,,Betu_pen,,Betu pend,Betula pendula,,,,,,TRUE,Deciduous,,,,,
,,Betu_pop,Betu_Pop,Betu popu,Betula populifolia,Gr birch,Gray birch,Gray birch leading,,Betu_Pop,TRUE,Deciduous,grey birch,,class2,,
,,Betu_pub,,Betu pube,Betula pubescens,,,,,,TRUE,Deciduous,,,,,
,BETU.ALL,Betu_sp,Betu_Spp,Betu spp,Betula spp.,Birch,Birch,Birch leading,,Betu_Spp,TRUE,Deciduous,birch,,class2,,
,,Betu_win,,Betu winx,Betula x winteri,,,,,,TRUE,Deciduous,,Exp,,,
,,Calc_dec,,Calc decu,Calocedrus decurrens,,,,,,FALSE,Conifer,,,,,
,,Carp_car,Carp_Car,Carp caro,Carpinus caroliniana,,,,,,TRUE,Deciduous,,,,,
,,Cary_cor,Cary_Cor,Cary cord,Carya cordiformis,,,,,,TRUE,Deciduous,,,,,
,,Cary_gla,,Cary glab,Carya glabra,,,,,,TRUE,Deciduous,,,,,
,,Cary_lac,,Cary laci,Carya laciniosa,,,,,,TRUE,Deciduous,,,,,
,,Cary_ora,,Cary orav,Carya ovata,,Shagbark hickory,hickory leading,,,TRUE,Deciduous,hickory,,class2,,
,,Cary_sp,,Cary spp,Carya spp.,,,,,,TRUE,Deciduous,,,,,
,,Cary_tom,,Cary tome,Carya tomentosa,,,,,,TRUE,Deciduous,,,,,
,,Cast_den,Cast_Den,Cast dent,Castanea dentata,,,,,,TRUE,Deciduous,,,,,
,,Cata_spe,,Cata spec,Catalpa speciosa,,,,,,TRUE,Deciduous,,,,,
,,Celt_occ,,Celt occi,Celtis occidentalis,,,,,,TRUE,Deciduous,,,,,
,,Cerc_can,,Cerci cana,Cercis canadensis,,,,,,TRUE,Deciduous,,,,,
,,Cham_law,,Cham laws,Chamaecyparis lawsoniana,,,,,,FALSE,Conifer,,,,,
chamnoot,CHAM.NOO,Cham_noo,Cham_Noo,Cham noot,Chamaecyparis nootkatensis,,,,,,FALSE,Conifer,yellow cedar,Yc,,,
,,Corn_nut,,Corn nutt,Cornus nuttallii,,,,,,TRUE,Deciduous,,,,,
,,Crat_sp,Crat_Spp,Crat spp,Crataegus spp,,,,,,TRUE,Deciduous,,,,,
fagugran,FAGU.GRA,Fagu_gra,Fagu_Gra,Fagu gran,Fagus grandifolia,Am beech,American beech,American beech leading,,Fagu_Gra,TRUE,Deciduous,beech,,,,
fraxamer,FRAX.AME,Frax_ame,Frax_Ame,Frax amer,Fraxinus americana,Am ash,American ash,American ash leading,,Frax_Ame,TRUE,Deciduous,red ash,,,,
,,Frax_lat,,Frax lati,Fraxinus latifolia,,,,,,TRUE,Deciduous,,,,,
,,Frax_nig,Frax_Nig,Frax nigr,Fraxinus nigra,Bl ash,Black ash,Black ash leading,,Frax_Nig,TRUE,Deciduous,black ash,,,,
,,Frax_pen,Frax_Pen_Sub,Frax penn,Fraxinus pennsylvanica,,,,Fraxinus pennsylvanica subintegerrima is a synonym,,TRUE,Deciduous,green ash,,,,
,,Frax_pen,Frax_Pen,Frax penn,Fraxinus pennsylvanica,,,,,,TRUE,Deciduous,green ash,,,,
,,Frax_pro,,Frax prof,Fraxinus profunda,,,,,,TRUE,Deciduous,,,,,
,,Frax_qua,,Frax quad,Fraxinus quadrangulata,,,,,,TRUE,Deciduous,,,,,
,,Frax_sp,Frax_Spp,Frax spp,Fraxinus spp.,Ash,Ash,Ash leading,,Frax_Spp,TRUE,Deciduous,,,,,
,,Gled_tri,Gled_Tri,Gled tria,Gleditsia triacanthos,,,,,,TRUE,Deciduous,,,,,
,,Gymn_dio,,Gymn dioi,Gymnocladus dioicus,,,,,,TRUE,Deciduous,,,,,
,,Hana_vir,,Hana virg,Hamamelis virginiana,,,,,,TRUE,Deciduous,,,,,
,,Jugl_cin,Jugl_Cin,Jugl cine,Juglans cinerea,,,,,,TRUE,Deciduous,,,,,
,,Jugl_nig,Jugl_Nig,Jugl nigr,Juglans nigra,,,,,,TRUE,Deciduous,,,,,
,,Thuj_jun,Juni_Vir,Thuj juni,Juniperus virginiana,,,,Not clear why CASFRI name doesn't match,,FALSE,Conifer,,,,,
,,Juni_sco,,Juni scop,Juniperus scopulorum,,,,,,FALSE,Conifer,,,,,
,,Lari_dec,,Lari deci,Larix decidua,,,,,,FALSE,Conifer,,,,,
,,Lari_kae,Lari_Kae,Lari kaem,Larix kaempferi,,,,,,FALSE,Conifer,,,,,
larilari,LARI.LAR,Lari_lar,Lari_Lar,Lari lari,Larix laricina,Tamarack,Tamarack,Tamarack leading,,Lari_Lar,FALSE,Conifer,tamarack larch,Lt,class2,Lt,TL
larilyal,,Lari_lya,Lari_Lya,Lari lyal,Larix lyallii,Alp larch,Alpine larch,Alpine larch leading,,Lari_Lya,FALSE,Conifer,alpine larch,La,class2,La,
lariocci,LARI.OCC,Lari_occ,Lari_Occ,Lari occi,Larix occidentalis,We larch,Western larch,Western larch leading,,Lari_Occ,FALSE,Conifer,western larch,Lw,class2,Lw,
,,Lari_sib,,Lari sibi,Larix sibitica,,,,,,FALSE,Conifer,,,class2,,
,,Lari_sp,Lari_Spp,Lari spp,Larix spp.,Larch,Larch,Larch leading,,Lari_Spp,FALSE,Conifer,,,class2,,
,,Lari_sp,,Lari x mar,Larix x marschlinsii,,,,,,FALSE,Conifer,,,,,
,,Liri_tul,,Liri tuli,Liriodendron tulipifera,,,,,,TRUE,Deciduous,,,,,
,,Magn_acu,,Magn acum,Magnolia acuminata,,,,,,TRUE,Deciduous,,,,,
,,Malu_fus,Malu_Fus,Malu fusc,Malus fusca,,,,,,TRUE,Deciduous,,,,,
,,Malu_pum,,Malu pumi,Malus pumila,,,,,,TRUE,Deciduous,,,,,
,,Malu_syl,Malu_Spp,,Malus sylvestris,crabapple,European crab apple,,,,,,,,,,
,,Malu_sp,Malu_Spp,,Malus spp.,apple,,,,,TRUE,Deciduous,,,,,
,,Moru_rub,,Moru rubr,Morus rubra,,,,,,TRUE,Deciduous,,,,,
,,Nyss_syl,,Nyss sylv,Nyssa sylvatica,,,,,,TRUE,Deciduous,,,,,
,,Ostr_vir,Ostr_Vir,Ostr virg,Ostrya virginiana,,,,also known as ironwood,,TRUE,Deciduous,hop-hornbeam,,,,
,,Pice_abi,Pice_Abi,Pice abie,Picea abies,,,,,,FALSE,Conifer,,,class3,,
,,Pice_sp,Pice_Eng_Gla,Pice hybr,Picea engelmannii x glauca,En Spruce,Engelmann's spruce,Engelmann's spruce leading,Pice hybr is not on the manual CASFRI list but appears in database,Pice_Eng_Gla,FALSE,Conifer,spruce,Sxw,class3,,
,,Pice_sp,Pice_Eng_Gla,Pice engx,Picea engelmannii x glauca,En Spruce,Engelmann's spruce,Engelmann's spruce leading,,Pice_Eng_Gla,FALSE,Conifer,spruce,Sxw,class3,,
piceengl,PICE.ENG,Pice_eng,Pice_Eng,Pice enge,Picea engelmannii,En Spruce,Engelmann's spruce,Engelmann's spruce leading,,Pice_Eng,FALSE,Conifer,engelmann spruce,Sx,class3,Se,
piceglau,PICE.GLA,Pice_gla,Pice_Gla,Pice glau,Picea glauca,Wh Spruce,White.Spruce,White spruce leading,,Pice_Gla,FALSE,Conifer,white spruce,Sx,class3,Sw,WS
,,Pice_koy,,Pice koya,Picea koyamai,,,,,,FALSE,Conifer,,,,,
,,Pice_lut,,Pice lutx,Picea x lutzii,,,,,,FALSE,Conifer,,,,,
picemari,PICE.MAR,Pice_mar,Pice_Mar,Pice mari,Picea mariana,Bl Spruce,Black.Spruce,Black spruce leading,,Pice_Mar,FALSE,Conifer,black spruce,Sb,class3,Sb,BS
,,Pice_pun,,Pice pung,Picea pungens,,,,,,FALSE,Conifer,,,,,
picerube,PICE.RUB,Pice_rub,Pice_Rub,Pice rube,Picea rubens,,,,,,FALSE,Conifer,red spruce,,,,
picesitc,PICE.SIT,Pice_sit,Pice_Sit,Pice sitc,Picea sitchensis,,,,,,FALSE,Conifer,sitka spruce,Ss,class3,,
,,Pice_sit,,Pice sitx,Picea sitchensis x ?,,,,,,FALSE,Conifer,sitka spruce,Ss,class3,,
,,Pice_sp,Pice_Spp,Pice spp,Picea spp.,Spruce,Spruce,Spruce leading,,Pice_Spp,FALSE,Conifer,spruce,S,class3,,
,,Pice_sp,,Pice sppx,Picea spp x,,,,,,FALSE,Conifer,spruce,S,class3,,
pinualbi,,Pinu_alb,Pinu_Alb,Pinu albi,Pinus albicaulis,Wh pine,Whitebark pine,Whitebark pine leading,,Pinu_Alb,FALSE,Conifer,,Pa,class3,Pa,
pinubank,PINU.BAN,Pinu_ban,Pinu_Ban,Pinu bank,Pinus banksiana,Jk pine,Jack pine,Jack pine leading,,Pinu_Ban,FALSE,Conifer,jack pine,Pj,class3,Pj,JP
pinuconcon,PINU.CON.CON,Pinu_con,,Pinu cont,Pinus contorta var. contorta,Sh pine,Shore pine,Shore pine leading,,Pinu_Con,FALSE,Conifer,lodgepole pine,Plc,class3,,
,PINU.CON.LAT,Pinu_con,Pinu_Con,Pinu cont,Pinus contorta,Lg pine,Lodgepole pine,Lodgepole pine leading,Pinus contorta latifolia is a synonym of var. latifolia,Pinu_Con,FALSE,Conifer,lodgepole pine,Pli,class3,Pl,
pinuflex,,Pinu_fle,Pinu_Fle,Pinu flex,Pinus flexilis,Pine,Pine,Pine leading,,,FALSE,Conifer,,Pf,class3,Pf,
,,Pinu_lam,,Pinu lamb,Pinus lambertiana,Pine,Pine,Pine leading,,,FALSE,Conifer,,,class3,,
,,Pinu_mon,Pinu_Mon,Pinu mont,Pinus monticola,Ww pine,Western white pine,Western white pine leading,,Pinu_Mon,FALSE,Conifer,,Pxj,class3,,
,,Pinu_mur,,Pinu murx,Pinus x murraybanksiana,Pine,Pine,Pine leading,,,FALSE,Conifer,,,,,
,,Pinu_nig,,Pinu nigr,Pinus nigra,Pine,Pine,Pine leading,,,FALSE,Conifer,,,,,
pinupon,PINU.PON,Pinu_pon,Pinu_Pon,Pinu pond,Pinus ponderosa,Pine,Pine,Pine leading,,,FALSE,Conifer,ponderosa pine,Py,class3,,
,,Pinu_rad,,Pinu radi,Pinus radiata,Pine,Pine,Pine leading,,,FALSE,Conifer,,,,,
pinuresi,PINU.RES,Pinu_res,Pinu_Res,Pinu resi,Pinus resinosa,Rd pine,Red pine,Red pine leading,,Pinu_Res,FALSE,Conifer,red pine,,class3,,RP
,,Pinu_rig,Pinu_Rig,Pinu rigi,Pinus rigida,Pine,Pine,Pine leading,,,FALSE,Conifer,,,,,
,,Pinu_sp,Pinu_Spp,Pinu spp,Pinus spp.,Pine,Pine,Pine leading,,Pinu_Spp,FALSE,Conifer,,,class3,,
pinustro,PINU.STR,Pinu_str,Pinu_Str,Pinu stro,Pinus strobus,Pine,Pine,Pine leading,,,FALSE,Conifer,white pine,Pw,class3,,
,,Pinu_syl,Pinu_Syl,Pinu sylv,Pinus sylvestris,Pine,Pine,Pine leading,,,FALSE,Conifer,,,class3,,SP
,,Plan_occ,Plat_Occ,Plan occi,Platanus occidentalis,,,,,,TRUE,Deciduous,,,,,
,,Popu_ang,,Popu angu,Populus angustifolia,,,,,,TRUE,Deciduous,,,,,
popubals,POPU.BAL,Popu_bal,Popu_Bal,Popu balb,Populus balsamea,Ba poplar,Balsam poplar,Balsam poplar leading,,Popu_Bal,TRUE,Deciduous,balsam poplar,Acb,class2,Pb,BA
popubals,POPU.BAL,Popu_bal,Popu_Bal,Popu balb,Populus balsamifera,Ba poplar,Balsam poplar,Balsam poplar leading,,Popu_Bal,TRUE,Deciduous,balsam poplar,Acb,class2,Pb,BA
popubals,POPU.BAL,Popu_bal,Popu_Bal,Popu balb,Populus balsamifera v. balsamifera,Ba poplar,Balsam poplar,Balsam poplar leading,,Popu_Bal,TRUE,Deciduous,balsam poplar,Acb,class2,Pb,BA
,,Popu_bal,Popu_Tri,Popu balt,Populus trichocarpa,Bl cottonwood,Black cottonwood,Black cottonwood leading,Populus balsamifera trichocarpa is a synonym of Populus trichocarpa,Popu_Tri,TRUE,Deciduous,black cottonwood,Act,class2,,
,,Popu_can,,Popu cana,Populus X canadensis,,,,,,TRUE,Deciduous,,,,,
,,Popu_del,Popu_Del,Popu delo,Populus deltoides v. occidentalis,,,,,,TRUE,Deciduous,eastern cotttonwood,,class2,,
popudelt,,Popu_del,Popu_Del,Popu delt,Populus deltoides,,,,,,TRUE,Deciduous,eastern cotttonwood,,class2,,CO
,,Popu_del,Popu_Del,Popu delx,Populus deltoides,,,,,,TRUE,Deciduous,eastern cotttonwood,,class2,,
,,Popu_gra,Popu_Gra,Popu gran,Populus grandidentata,Wh poplar,White poplar,White poplar leading,,Popu_Gra,TRUE,Deciduous,largetooth aspen,,,,
,,Popu_nig,,Popu nigr,Populus nigra,,,,,,TRUE,Deciduous,,,,,
,,Popu_sp,Popu_Spp,Popu spp,Populus spp.,Poplar,Poplar,Poplar leading,,Popu_Spp,TRUE,Deciduous,trembling aspen,Ac,class2,,
poputrem,POPU.TRE,Popu_tre,Popu_Tre,Popu trem,Populus tremuloides,Tr aspen,Trembling poplar,Trembling aspen leading,,Popu_Tre,TRUE,Deciduous,trembling aspen,At,class2,Aw,TA
,,Prun_avi,,Prun aviu,Prunus avium,,,,,,TRUE,Deciduous,,,,,
,,Prun_cer,,Prun cera,Prunus cerasus,,,,,,TRUE,Deciduous,,,,,
,,Prun_ema,,Prun emar,Prunus emarginata,,,,,,TRUE,Deciduous,,,,,
,,Prun_pen,Prun_Pen,Prun pens,Prunus pensylvanica,,,,,,TRUE,Deciduous,,,,,
,,Prun_ser,Prun_Ser,Prun sero,Prunus serotina,,black cherry,,,,TRUE,Deciduous,black cherry,,,,
,,Prun_sp,,Prun spp,Prunus spp.,,,,,,TRUE,Deciduous,,,,,
,,Prun_vir,Prun_Vir,Prun virg,Prunus virginiana,,,,,,TRUE,Deciduous,,,,,
pseumenz,PSEU.MEN,Pseu_men,Pseu_Men_Gla,Pseu meng,Pseudotsuga menziesii var. glauca,,,,,,FALSE,Conifer,douglas-fir,Fdi,,,
pseumenz,PSEU.MEN,Pseu_men,Pseu_Men_Men,Pseu menm,Pseudotsuga menziesii var. menziesii,,,,,,FALSE,Conifer,douglas-fir,Fdc,,,
pseumenz,PSEU.MEN,Pseu_men,Pseu_Men,Pseu menz,Pseudotsuga menziesii,,,,,,FALSE,Conifer,douglas-fir,Fd,class3,Fd,
,,Pyru_com,,Pyru comm,Pyrus communis,,,,,,TRUE,Deciduous,,,,,
,,Quer_alb,Quer_Alb,Quer alba,Quercus alba,,,,,,TRUE,Deciduous,white oak,,,,
,,Quer_bic,Quer_Bic,Quer bico,Quercus bicolor,,,,,,TRUE,Deciduous,,,,,
querelli,,Quer_ell,,,,,,,,,TRUE,Deciduous,,,,,
,,Quer_gar,Quer_Gar,Quer garr,Quercus garryana,,,,,,TRUE,Deciduous,,Qg,class2,,
,,Quer_mac,Quer_Mac,Quer macr,Quercus macrocarpa,,,,,,TRUE,Deciduous,bur oak,,,,BO
,,Quer_mue,,Quer mueh,Quercus muehlenbergii,,,,,,TRUE,Deciduous,,,,,
,,Quer_pal,,Quer palu,Quercus palustris,,,,,,TRUE,Deciduous,,,,,
,,Quer_rob,,Quer robu,Quercus robur,,,,,,TRUE,Deciduous,,,,,
querrubr,QUER.RUB,Quer_rub,Quer_Rub,Quer rubr,Quercus rubra,,,,,,TRUE,Deciduous,,,,,
,,Quer_shu,,Quer shum,Quercus shumardii,,,,,,TRUE,Deciduous,,,,,
,,Quer_sp,Quer_Spp,Quer spp,Quercus spp.,,,,,,TRUE,Deciduous,,Q,class2,,
,,Quer_vel,,Quer velu,Quercus velutina,Bl Oak,Black oak,,,,TRUE,Deciduous,,,class2,,
,,Quer_vel,,Quer velu,Quercus velutina (nigra),,,,,,TRUE,Deciduous,,,,,
,,Rham_pur,,Rham purs,Rhamnus purshianus,,,,,,TRUE,Deciduous,,,,,
,,Robi_pse,Robi_Pse,Robi pseu,Robinia pseudoacacia,,,,,,TRUE,Deciduous,,,,,
,,Robi_sp,,Robi spp,Robinia spp.,,,,,,TRUE,Deciduous,,,,,
,,Sali_amy,,Sali amyg,Salix amygdaloides,,,,,,TRUE,Deciduous,,,,,
,,Sali_beb,Sali_Beb,Sali bebb,Salix bebbiana,,,,,,TRUE,Deciduous,,Wb,,,
,,Sali_dis,,Sali disc,Salix discolor,,,,,,TRUE,Deciduous,,Wd,,,
,,Sali_luc,,Sali luci,Salix lucida,,,,,,TRUE,Deciduous,,Wp,,,
,,Sali_nig,Sali_Nig,Sali nigr,Salix nigra,,,,,,TRUE,Deciduous,,,,,
,,Sali_sco,,Sali scou,Salix scouleriana,,,,,,TRUE,Deciduous,scoulers willow,Ws,,,
,,Sali_sit,,Sali sitc,Salix sitchensis,,,,,,TRUE,Deciduous,,Wt,,,
,,Sali_sp,Sali_Spp,Sali spp,Salix spp.,,,,,,TRUE,Deciduous,willow,W,,,
,,Sass_alb,Sass_Alb,Sass albi,Sassafras albidum,,,,,,TRUE,Deciduous,,,,,
,,Sequ_gig,,Sequ giga,Sequoadendron giganteum,,,,,,FALSE,Conifer,,,,,
,,Sequ_sem,,Sequ semp,Sequoia sempervirens,,,,,,FALSE,Conifer,,,,,
,,Sorb_auc,Sorb_Ame,Sorb aucu,Sorbus americana,,,,Sorbus americana is a synonym of Sorbus aucuparia,,TRUE,Deciduous,,,,,
,,Sorb_auc,Sorb_Ame,Sorb aucu,Sorbus aucuparia,,,,Sorbus aucuparia is a synonym of Sorbus americana,,TRUE,Deciduous,,,,,
,,Sorb_dec,Sorb_Dec,,,,,,,,TRUE,Deciduous,,,,,
,,Sorb_sp,Sorb_Spp,,,,,,,,TRUE,Deciduous,,,,,
,,Taxu_bre,,Taxu brev,Taxus brevifolia,,Pacific yew,,,,FALSE,Conifer,,Tw,class3,,
thujocci,,Thuj_occ,Thuj_Occ,Thuj occi,Thuja occidentalis,,,,,,FALSE,Conifer,eastern white-cedar,,class3,,EC
thujplic,THUJ.PLI,Thuj_pli,Thuj_Pli,Thuj plic,Thuja plicata,,,,,,FALSE,Conifer,western redcedar,Cw,class3,,
,THUJ.SPP.ALL,Thuj_sp,Thuj_Spp,,,,,,,,FALSE,Conifer,,C,class3,,
tiliamer,,Tili_ame,Tili_Ame,Tili amer,Tilia americana,,,,,,TRUE,Deciduous,basswood,,,,BD
,,Tili_cor,,Tili cord,Tilia cordata,,,,,,TRUE,Deciduous,,,,,
,,Tili_pla,,Tili plat,Tilia platyphyllos,,,,,,TRUE,Deciduous,,,,,
tsugcana,TSUG.CAN,Tsug_can,Tsug_Can,Tsug cana,Tsuga canadensis,Ea hemlock,Eastern hemlock,Eastern hemlock leading,,Tsug_Can,FALSE,Conifer,eastern hemlock,,,,
tsughete,TSUG.HET,Tsug_het,Tsug_Het,Tsug hete,Tsuga heterophylla,,,,,,FALSE,Conifer,western hemlock,Hw,class3,,
,,Tsug_mer,Tsug_Mer_Het,Tsug merx,Tsuga mertensiana,,,,,,FALSE,Conifer,mountain hemlock,Hm,class3,,
tsugmert,TSUG.MER,Tsug_mer,Tsug_Mer,Tsug mert,Tsuga mertensiana x heterophylla,,,,,,FALSE,Conifer,mountain hemlock,Hxm,class3,,
,,Tsug_sp,Tsug_Spp,Tsug spp,Tsuga spp.,Hemlock,Hemlock,Hemlock leading,,Tsug_Spp,FALSE,Conifer,,H,class3,,
,,Ulmu_ame,Ulmu_Ame,Ulmu amer,Ulmus americana,,,,,,TRUE,Deciduous,white elm,,,,EL
,,Ulmu_pum,Ulmu_Rub,Ulmu pumi,Ulmus pumila,,,,,,TRUE,Deciduous,,,,,
,,Ulmu_rub,Ulmu_Spp,Ulmu rubr,Ulmus rubra,,,,,,TRUE,Deciduous,,,,,
,,Ulmu_sp,Ulmu_Tho,Ulmu spp,Ulmus spp.,,,,,,TRUE,Deciduous,,,,,
,,,,Ulmu thom,Ulmus thomasii,,,,,,TRUE,Deciduous,,,,,
,,,Broadleaf_Spp,Hard unkn,,Decid,Deciduous,Deciduous leading,,,TRUE,Deciduous,,,,,
,,,Needleleaf_Spp,Soft unkn,,Conif,Coniferous,Coniferous leading,,,FALSE,Conifer,,,,,
,,,,Nonc hard,,Decid,Deciduous,Deciduous leading,,,TRUE,Deciduous,,,,,
,,,,Hard tole,,,,,,,,,,,,,
,,,,Hard into,,,,,,,,,,,,,
,,,,Mois hard,,,,,,,,,,,,,
,,,,Uncl spp,,,,,,,,,,,,,
,,Juni_vir,Juni_Vir,,Juniperus virginiana,Rd Cedar,Eastern redcedar,,,,FALSE,Conifer,Eastern redcedar,,,,
